{
  "t1": -0.64,
  "t2": 0.27,
  "val_r2": 0.5321389436721802,
  "val_acc_disc": 0.6974656810982048,
  "val_f1": 0.6659629213065491
}